<?xml version="1.0" encoding="UTF-8"?>
<faces-config
    xmlns="http://xmlns.jcp.org/xml/ns/javaee"
    xmlns:xsi="http://www.w3.org/2001/XMLSchema-instance"
    xsi:schemaLocation="http://xmlns.jcp.org/xml/ns/javaee http://xmlns.jcp.org/xml/ns/javaee/web-facesconfig_2_2.xsd"
    version="2.2">
    <!-- VALIDATORS -->
    <validator>
        <validator-id>ageValidator</validator-id>
        <validator-class>com.flight.jsf.validator.AgeValidator</validator-class>
    </validator>
    <validator>
        <validator-id>checkboxValidator</validator-id>
        <validator-class>com.flight.jsf.validator.CheckboxValidator</validator-class>
    </validator>
    
    <navigation-rule>
        <from-view-id>/naslovna/registracija.xhtml</from-view-id>
        <navigation-case>
            <from-action>#{registracijaView.cadastrar}</from-action>
            <from-outcome>success</from-outcome>
            <to-view-id>/naslovna/registrovano.xhtml</to-view-id>
        </navigation-case>
    </navigation-rule>
    
</faces-config>