<?xml version="1.0"?>
<!DOCTYPE hibernate-mapping PUBLIC "-//Hibernate/Hibernate Mapping DTD 3.0//EN"
"http://www.hibernate.org/dtd/hibernate-mapping-3.0.dtd">
<!-- Generated Aug 19, 2017 9:38:57 AM by Hibernate Tools 4.3.1 -->
<hibernate-mapping>
    <class name="pojo.Airline" table="Airline" catalog="let1" optimistic-lock="version">
        <id name="id" type="java.lang.Integer">
            <column name="ID" />
            <generator class="identity" />
        </id>
        <property name="name" type="string">
            <column name="name" length="150" />
        </property>
        <property name="adresa" type="string">
            <column name="adresa" length="150" />
        </property>
        <property name="zemlja" type="string">
            <column name="zemlja" length="150" />
        </property>
        <property name="sajt" type="string">
            <column name="sajt" length="150" />
        </property>
        <property name="email" type="string">
            <column name="email" length="150" />
        </property>
    </class>
</hibernate-mapping>
