<?xml version="1.0"?>
<!DOCTYPE hibernate-mapping PUBLIC "-//Hibernate/Hibernate Mapping DTD 3.0//EN"
"http://www.hibernate.org/dtd/hibernate-mapping-3.0.dtd">
<!-- Generated Aug 20, 2017 3:14:27 PM by Hibernate Tools 4.3.1 -->
<hibernate-mapping>
    <class name="pojo.Airplane" table="Airplane" catalog="let1" optimistic-lock="version">
        <id name="id" type="java.lang.Integer">
            <column name="ID" />
            <generator class="identity" />
        </id>
        <property name="model" type="string">
            <column name="Model" length="45" />
        </property>
        <property name="proizvodjac" type="string">
            <column name="Proizvodjac" length="45" />
        </property>
        <property name="tip" type="string">
            <column name="Tip" length="45" />
        </property>
    </class>
</hibernate-mapping>
