<?xml version="1.0"?>
<!DOCTYPE hibernate-mapping PUBLIC "-//Hibernate/Hibernate Mapping DTD 3.0//EN"
"http://www.hibernate.org/dtd/hibernate-mapping-3.0.dtd">
<!-- Generated Sep 11, 2017 3:52:00 PM by Hibernate Tools 4.3.1 -->
<hibernate-mapping>
    <class name="pojo.Azuriranje" table="Azuriranje" catalog="let1" optimistic-lock="version">
        <id name="id" type="java.lang.Integer">
            <column name="ID" />
            <generator class="identity" />
        </id>
        <property name="duzina" type="java.lang.Double">
            <column name="duzina" precision="22" scale="0" />
        </property>
        <property name="brzina" type="java.lang.Double">
            <column name="brzina" precision="22" scale="0" />
        </property>
        <property name="preostaloVreme" type="java.lang.Double">
            <column name="preostaloVreme" precision="22" scale="0" />
        </property>
        <property name="brojLeta" type="string">
            <column name="brojLeta" length="45" />
        </property>
        <property name="radar" type="string">
            <column name="Radar" length="45" />
        </property>
    </class>
</hibernate-mapping>
