<?xml version="1.0"?>
<!DOCTYPE hibernate-mapping PUBLIC "-//Hibernate/Hibernate Mapping DTD 3.0//EN"
"http://www.hibernate.org/dtd/hibernate-mapping-3.0.dtd">
<!-- Generated Aug 21, 2017 1:07:44 AM by Hibernate Tools 4.3.1 -->
<hibernate-mapping>
    <class name="pojo.Imagen" table="imagen" catalog="let1" optimistic-lock="version">
        <id name="id" type="java.lang.Integer">
            <column name="id" />
            <generator class="identity" />
        </id>
        <property name="img" type="binary">
            <column name="img" />
        </property>
        <property name="identifikatorAviona" type="string">
            <column name="identifikatorAviona" length="45" />
        </property>
    </class>
</hibernate-mapping>
