<?xml version="1.0"?>
<!DOCTYPE hibernate-mapping PUBLIC "-//Hibernate/Hibernate Mapping DTD 3.0//EN"
"http://www.hibernate.org/dtd/hibernate-mapping-3.0.dtd">
<!-- Generated Aug 20, 2017 6:05:48 PM by Hibernate Tools 4.3.1 -->
<hibernate-mapping>
    <class name="pojo.Licenca" table="Licenca" catalog="let1" optimistic-lock="version">
        <id name="id" type="java.lang.Integer">
            <column name="ID" />
            <generator class="identity" />
        </id>
        <property name="username" type="string">
            <column name="username" length="45" />
        </property>
        <property name="licenca" type="string">
            <column name="licenca" length="45" />
        </property>
        <property name="name" type="string">
            <column name="name" length="45" />
        </property>
        <property name="surname" type="string">
            <column name="surname" length="45" />
        </property>
        <property name="email" type="string">
            <column name="email" length="45" />
        </property>
    </class>
</hibernate-mapping>
