<?xml version="1.0"?>
<!DOCTYPE hibernate-mapping PUBLIC "-//Hibernate/Hibernate Mapping DTD 3.0//EN"
"http://www.hibernate.org/dtd/hibernate-mapping-3.0.dtd">
<!-- Generated Aug 25, 2017 8:15:03 PM by Hibernate Tools 4.3.1 -->
<hibernate-mapping>
    <class name="pojo.Posada" table="Posada" catalog="let1" optimistic-lock="version">
        <id name="id" type="java.lang.Integer">
            <column name="ID" />
            <generator class="identity" />
        </id>
        <property name="p1" type="string">
            <column name="p1" length="45" />
        </property>
        <property name="p2" type="string">
            <column name="p2" length="45" />
        </property>
        <property name="s1" type="string">
            <column name="s1" length="45" />
        </property>
        <property name="s2" type="string">
            <column name="s2" length="45" />
        </property>
        <property name="s3" type="string">
            <column name="s3" length="45" />
        </property>
        <property name="s4" type="string">
            <column name="s4" length="45" />
        </property>
        <property name="s5" type="string">
            <column name="s5" length="45" />
        </property>
        <property name="brojLeta" type="string">
            <column name="BrojLeta" length="45" />
        </property>
    </class>
</hibernate-mapping>
