<?xml version="1.0"?>
<!DOCTYPE hibernate-mapping PUBLIC "-//Hibernate/Hibernate Mapping DTD 3.0//EN"
"http://www.hibernate.org/dtd/hibernate-mapping-3.0.dtd">
<!-- Generated Aug 20, 2017 3:14:27 PM by Hibernate Tools 4.3.1 -->
<hibernate-mapping>
    <class name="pojo.Proizvodjac" table="Proizvodjac" catalog="let1" optimistic-lock="version">
        <id name="id" type="java.lang.Integer">
            <column name="ID" />
            <generator class="identity" />
        </id>
        <property name="ime" type="string">
            <column name="Ime" length="45" />
        </property>
        <property name="grad" type="string">
            <column name="Grad" length="45" />
        </property>
        <property name="zemlja" type="string">
            <column name="Zemlja" length="45" />
        </property>
    </class>
</hibernate-mapping>
