<?xml version="1.0"?>
<!DOCTYPE hibernate-mapping PUBLIC "-//Hibernate/Hibernate Mapping DTD 3.0//EN"
"http://www.hibernate.org/dtd/hibernate-mapping-3.0.dtd">
<!-- Generated Sep 1, 2017 2:28:11 PM by Hibernate Tools 4.3.1 -->
<hibernate-mapping>
    <class name="pojo.RadarCentar" table="RadarCentar" catalog="let1" optimistic-lock="version">
        <id name="id" type="java.lang.Integer">
            <column name="ID" />
            <generator class="identity" />
        </id>
        <property name="let" type="string">
            <column name="Let" length="45" />
        </property>
        <property name="lat" type="java.lang.Double">
            <column name="Lat" precision="22" scale="0" />
        </property>
        <property name="lng" type="java.lang.Double">
            <column name="Lng" precision="22" scale="0" />
        </property>
        <property name="naziv" type="string">
            <column name="Naziv" length="45" />
        </property>
    </class>
</hibernate-mapping>
