<?xml version="1.0"?>
<!DOCTYPE hibernate-mapping PUBLIC "-//Hibernate/Hibernate Mapping DTD 3.0//EN"
"http://www.hibernate.org/dtd/hibernate-mapping-3.0.dtd">
<!-- Generated Aug 28, 2017 11:00:59 AM by Hibernate Tools 4.3.1 -->
<hibernate-mapping>
    <class name="pojo.Rezervacija" table="Rezervacija" catalog="let1" optimistic-lock="version">
        <id name="id" type="java.lang.Integer">
            <column name="ID" />
            <generator class="identity" />
        </id>
        <property name="ime" type="string">
            <column name="Ime" length="45" />
        </property>
        <property name="prezime" type="string">
            <column name="Prezime" length="45" />
        </property>
        <property name="pasos" type="string">
            <column name="Pasos" length="45" />
        </property>
        <property name="brojLeta" type="string">
            <column name="BrojLeta" length="45" />
        </property>
        <property name="odakle" type="string">
            <column name="Odakle" length="45" />
        </property>
        <property name="dokle" type="string">
            <column name="Dokle" length="45" />
        </property>
        <property name="idCard" type="string">
            <column name="IdCard" length="45" />
        </property>
    </class>
</hibernate-mapping>
