<?xml version="1.0"?>
<!DOCTYPE hibernate-mapping PUBLIC "-//Hibernate/Hibernate Mapping DTD 3.0//EN"
"http://www.hibernate.org/dtd/hibernate-mapping-3.0.dtd">
<!-- Generated Sep 4, 2017 4:46:17 AM by Hibernate Tools 4.3.1 -->
<hibernate-mapping>
    <class name="pojo.Tip" table="Tip" catalog="let1" optimistic-lock="version">
        <id name="id" type="java.lang.Integer">
            <column name="ID" />
            <generator class="identity" />
        </id>
        <property name="naziv" type="string">
            <column name="Naziv" length="45" />
        </property>
        <property name="maxBrojSedista" type="java.lang.Integer">
            <column name="MaxBrojSedista" />
        </property>
        <property name="licenca" type="string">
            <column name="Licenca" length="45" />
        </property>
    </class>
</hibernate-mapping>
