<?xml version="1.0"?>
<!DOCTYPE hibernate-mapping PUBLIC "-//Hibernate/Hibernate Mapping DTD 3.0//EN"
"http://www.hibernate.org/dtd/hibernate-mapping-3.0.dtd">
<!-- Generated Aug 20, 2017 9:32:57 PM by Hibernate Tools 4.3.1 -->
<hibernate-mapping>
    <class name="pojo.User" table="User" catalog="let1" optimistic-lock="version">
        <id name="id" type="java.lang.Integer">
            <column name="ID" />
            <generator class="identity" />
        </id>
        <property name="name" type="string">
            <column name="Name" />
        </property>
        <property name="surname" type="string">
            <column name="Surname" />
        </property>
        <property name="pol" type="string">
            <column name="Pol" />
        </property>
        <property name="birthDay" type="date">
            <column name="BirthDay" length="10" />
        </property>
        <property name="username" type="string">
            <column name="Username" length="250" not-null="true" unique="true" />
        </property>
        <property name="password" type="string">
            <column name="Password" />
        </property>
        <property name="email" type="string">
            <column name="Email" />
        </property>
        <property name="prihvacenZahtev" type="string">
            <column name="PrihvacenZahtev" length="45" />
        </property>
        <property name="tipKorisnika" type="string">
            <column name="TipKorisnika" length="45" />
        </property>
        <property name="airline" type="string">
            <column name="Airline" length="45" />
        </property>
        <property name="licenca" type="string">
            <column name="Licenca" length="45" />
        </property>
    </class>
</hibernate-mapping>
