<?xml version="1.0" encoding="UTF-8"?>
<!DOCTYPE hibernate-reverse-engineering PUBLIC "-//Hibernate/Hibernate Reverse Engineering DTD 3.0//EN" "http://hibernate.sourceforge.net/hibernate-reverse-engineering-3.0.dtd">
<hibernate-reverse-engineering>
  <schema-selection match-catalog="let1"/>
  <table-filter match-name="User"/>
  <table-filter match-name="Airline"/>
  <table-filter match-name="imagen"/>
  <table-filter match-name="Airplane"/>
  <table-filter match-name="Proizvodjac"/>
  <table-filter match-name="Airport"/>  
  <table-filter match-name="Flight"/> 
  <table-filter match-name="Licenca"/> 
  <table-filter match-name="TerminalGejt"/> 
  <table-filter match-name="Tip"/> 
  <table-filter match-name="Posada"/> 
  <table-filter match-name="Rezervacija"/>
  <table-filter match-name="RadarCentar"/>
  <table-filter match-name="Azuriranje"/>
</hibernate-reverse-engineering>
